{
  "status": "SUCCESS",
  "error": {
    },
  "data": {
      "task_update_history": [
         {
	      "timestamp": "2017-11-13 07:35:06",
	      "type": "status",
	      "content": {
             "assignee": "Avinash Kumar",
			 "previous_status": "",
			 "current_status": "assigned"
	      }
         },
         {
	      "timestamp": "2017-11-13 09:45:08",
	      "type": "chat",
	      "content": {
			"sender": "Avinash Kumar",
			"message": "Is there any time limit for completing this task"
	      }
         },
         {
	      "timestamp": "2017-11-13 09:45:08",
	      "type": "chat",
	      "content": {
			"sender": "Vinod Kadam",
			"message": "No,  there is time limit for completing this task however there is an end date before which you need to complete the task."
	      }
         }		 
       ]
   }
}