{
	"status": "SUCCESS",
	"error": {
	},
	"data": {
		"tasks": [{
			"activity_id": "ca1",
			"activity_name": "eCollection AR Photo Training",
			"activity_type": "education",
			"course_category": "eCollection",
			"task_id": "t1",
			"task_start_date": "2017-11-12 00:00:00",
			"task_end_date": "2017-11-30 00:00:00",
			"parent_task_id": null,
			"details": {
				"description": {
				"text": "Try to align virtual shelf"
				}
			}
 		},
		{
			"activity_id": "ca2",
			"activity_name": "eCollection AR Photo Training",
			"course_category": "eCollection",
			"activity_type": "validation",
			"task_id": "t2",
			"task_start_date": "2017-11-08 00:00:00",
			"task_end_date": "2017-11-30 00:00:00",
			"parent_task_id": "t1",
			"details": {
				"timeout": 120,
				"description": {
					"text": "Try to align real shelf"
				},
				"sample_rate": 20
			}
		},
		{
			"activity_id": "ca3",
			"activity_name": "360 Video Training",
			"activity_type": "education",
			"course_category": "LHHT",
			"task_id": "t3",
			"task_start_date": "2017-11-08 00:00:00",
			"task_end_date": "2017-12-13 00:00:00",
			"parent_task_id": null,
			"details": {
				"video": {
					"file_id": "f551",
					"frame_rate" : 30,
					"file_url": "http://arvr-load-223464067.us-east-1.elb.amazonaws.com/training_files/f551.mp4"
				},
				"overlays": [{
					"view_template": 1,
					"start_frame": 100,
					"end_frame": 200,
					"content_type": "text",
					"content_details": {
						"text": "Showing this popup for information"
					}
				}],
				"description": {
					"text": "Play video for training"
				}
			}
		}]
	}
}
